{"cameraMode":{"drawMode":0,"name":"Shaded","section":"Shading Mode"},"sceneLighting":false,"audioPlay":false,"sceneViewState":{"showFog":true,"showMaterialUpdate":false,"showSkybox":false,"showFlares":true,"showImageEffects":true,"showParticleSystems":true},"in2DMode":false,"pivot":{"x":7.351205825805664,"y":-0.5536038279533386,"z":-6.7252373695373539},"rotation":{"x":0.055999625474214557,"y":0.9434143304824829,"z":-0.24774910509586335,"w":0.21324582397937776},"size":2.9259798526763918,"orthographic":false}