{"cameraMode":{"drawMode":0,"name":"Shaded","section":"Shading Mode"},"sceneLighting":false,"audioPlay":false,"sceneViewState":{"showFog":true,"showMaterialUpdate":false,"showSkybox":false,"showFlares":true,"showImageEffects":true,"showParticleSystems":true},"in2DMode":false,"pivot":{"x":0.8282068967819214,"y":0.37306317687034609,"z":0.01000130083411932},"rotation":{"x":-0.14778509736061097,"y":0.37993597984313967,"z":-0.06162814050912857,"w":-0.9110623002052307},"size":1.2273619174957276,"orthographic":false}