{"cameraMode":{"drawMode":0,"name":"Shaded","section":"Shading Mode"},"sceneLighting":true,"audioPlay":false,"sceneViewState":{"showFog":true,"showMaterialUpdate":false,"showSkybox":false,"showFlares":true,"showImageEffects":true,"showParticleSystems":true},"in2DMode":false,"pivot":{"x":67.90365600585938,"y":-111.87078094482422,"z":-145.0223388671875},"rotation":{"x":0.06559817492961884,"y":0.9306247234344482,"z":-0.29432278871536257,"w":0.20742271840572358},"size":99.39396667480469,"orthographic":false}