{"cameraMode":{"drawMode":0,"name":"Shaded","section":"Shading Mode"},"sceneLighting":true,"audioPlay":false,"sceneViewState":{"showFog":true,"showMaterialUpdate":true,"showSkybox":true,"showFlares":true,"showImageEffects":true,"showParticleSystems":true},"in2DMode":false,"pivot":{"x":-0.1624959111213684,"y":3.898540496826172,"z":-3.203256607055664},"rotation":{"x":-0.1660059094429016,"y":-0.020121535286307336,"z":0.0033686223905533554,"w":-0.9859253168106079},"size":0.8569011092185974,"orthographic":false}