{"cameraMode":{"drawMode":0,"name":"Shaded","section":"Shading Mode"},"sceneLighting":true,"audioPlay":false,"sceneViewState":{"showFog":true,"showMaterialUpdate":false,"showSkybox":false,"showFlares":true,"showImageEffects":true,"showParticleSystems":true},"in2DMode":false,"pivot":{"x":0.6330777406692505,"y":0.5444141626358032,"z":0.3554297685623169},"rotation":{"x":-0.08542948961257935,"y":0.7058588862419128,"z":-0.08640886843204498,"w":-0.6978593468666077},"size":0.9273618459701538,"orthographic":false}