{"cameraMode":{"drawMode":0,"name":"Shaded","section":"Shading Mode"},"sceneLighting":true,"audioPlay":false,"sceneViewState":{"showFog":true,"showMaterialUpdate":false,"showSkybox":false,"showFlares":true,"showImageEffects":true,"showParticleSystems":true},"in2DMode":false,"pivot":{"x":62.07188415527344,"y":-89.0604476928711,"z":-165.1527862548828},"rotation":{"x":0.04189460352063179,"y":0.9565715193748474,"z":-0.2298450767993927,"w":0.17436400055885316},"size":100.40646362304688,"orthographic":false}